customer_id,name,age,email,city,signup_date
1,Shawn Adams,59,jmedina@ramirez.com,Michaelshire,2023-07-04
2,Michele Burns,51,williamwarren@rodriguez-holland.net,Richardsonville,2022-10-29
3,Wendy Rogers,19,mariamcmahon@yahoo.com,Brandonborough,2022-01-11
4,Michael Perry,18,ashley28@lucas.com,Lindseyfurt,2023-08-01
5,Donna Dougherty,42,robinsonstephanie@yahoo.com,Watsonport,2023-03-17
6,Patricia Hall,71,,Hartborough,2023-01-23
7,Diamond Williams,48,mollyking@gmail.com,Williamsfort,2024-07-27
8,Robert Clark,34,ccarr@yahoo.com,Port Dana,2023-02-22
9,Corey West PhD,58,mariamarsh@hotmail.com,North Jeremy,2021-06-10
10,Daniel Howe,22,anthony40@yahoo.com,West Kristinamouth,2020-08-05
11,Gregory Stone,49,paulmolina@carpenter-simpson.com,,2021-04-30
12,Cassandra Hughes,35,ahernandez@chung-reyes.org,Josephland,2023-01-30
13,Mr. Alvin Murphy IV,30,myerscindy@miller-richardson.com,Jarvistown,2022-10-09
14,Ms. Sue James,49,kimberly38@yahoo.com,South Katherineberg,2021-05-07
15,Autumn Miller,62,webercarol@hartman-daniel.info,Nguyenmouth,2023-06-20
16,Nicole Robinson,34,graymathew@yahoo.com,Andersonville,2021-11-23
17,Anne Parker,78,davidboyd@hotmail.com,Reedtown,2022-06-12
18,Michael Harris,30,bryantjustin@warren.com,Lisatown,2021-07-01
19,Jessica Lopez,73,eturner@gmail.com,Howardfurt,2024-12-19
20,Nicholas Garcia,36,jason29@steele.com,North Brittany,2023-02-03
21,Timothy Morales,56,paulagrimes@yahoo.com,Kennethside,2023-12-28
22,Angela Harrison,62,pdalton@brown-cole.com,New Dana,2022-10-28
23,Samantha Crawford,55,raymondmatthew@hotmail.com,Port Brandytown,2020-04-03
24,Beth Carpenter,40,shernandez@russell-smith.com,West Jeremychester,2024-06-16
25,Jeffrey Wright,41,sarahevans@walsh-schroeder.com,Loganton,2020-08-31
26,Patrick Hodges,23,xday@silva-williams.com,Letown,2022-08-29
27,Angela Walker,42,jamessmith@gonzales.com,South Kristinemouth,2020-12-31
28,Margaret Nelson,30,asosa@hotmail.com,Lake Shannon,2023-10-24
29,Kelly Middleton,24,sandra90@hotmail.com,Nguyenberg,2024-06-10
30,Nichole Campos,50,tinarich@hotmail.com,New Craig,2023-10-19
31,Christian Hahn,37,marquezdeborah@yahoo.com,Smithstad,2023-09-17
32,Brad Stanton,32,williemitchell@hotmail.com,Reginaview,2023-10-15
33,Matthew Williamson,26,bradleysummer@taylor.com,East Dennisbury,2020-02-15
34,Mark Hernandez,44,obrienvirginia@yahoo.com,South Lawrence,2021-09-02
35,Anne Sanchez,62,noah69@jones.org,Lake Jorgefurt,2022-05-14
36,Colin Burns,61,fchavez@yahoo.com,Moyerberg,2020-09-21
37,Lisa Roberts,62,cheyenne76@cole.net,Christopherfort,2021-01-28
38,Amanda Orr,36,nathangarcia@chung-johnson.info,Lake Nicolefort,2023-05-12
39,Patricia Fields,56,racheljohnson@yahoo.com,Heatherfort,2021-02-09
40,Christina Cruz,72,vsutton@kelly.biz,Sandramouth,2023-07-09
41,Nicholas Hobbs,23,zmiller@hotmail.com,Lake Dannyburgh,2024-08-20
42,Pamela Burnett,57,stevendunn@rivera-guerra.net,New Alicia,2022-07-01
43,Mackenzie Smith,56,dbecker@calderon-johnson.com,North Kevin,2021-09-14
44,Diana Park,58,sandykemp@yahoo.com,Chadland,2020-03-29
45,Brenda Walker,61,eric30@cisneros-reynolds.biz,New Jaredside,2020-03-21
46,Dr. Tara Smith,70,nicholsonmark@clark-little.com,Collinsburgh,2024-06-16
47,Jorge Hicks,49,bergchristopher@davidson.com,Stewarttown,2023-01-06
48,Luis Carpenter,19,jasoncollins@hotmail.com,North Jason,2020-03-23
49,Jenna Torres,79,vasquezgregory@gmail.com,Autumnville,2021-02-06
50,Mario Boone,69,choivirginia@yahoo.com,New Sarah,2024-06-20
51,James Marshall,53,andersonbethany@yahoo.com,Powellport,2022-02-19
52,Anita Middleton,43,ahood@hotmail.com,North Michael,2023-12-11
53,Erin Carrillo,46,xaustin@gmail.com,Port Grace,2024-11-27
54,Gloria Hansen,29,thomas14@sanchez.com,North Jonathan,2025-01-04
55,Thomas Smith,63,carlosesparza@cox.com,Port Denisemouth,2024-08-31
56,Harold Cole,48,jbradley@hotmail.com,Millerfurt,2021-07-05
57,William Chavez,33,michaelcarney@petty.com,South Williamberg,2021-01-19
58,Maria Allen,77,uford@grant.com,Higginsville,2023-04-26
59,Lauren Hayes,55,misty95@bell-rodriguez.com,Kristenton,2022-07-24
60,Mark Wallace,60,susan33@hotmail.com,Port Robert,2022-07-01
61,Michael Edwards,50,edwardjones@hotmail.com,Port Brandon,2024-07-14
62,Tammy Davis,34,timothymorales@hotmail.com,Stefanietown,2025-02-01
63,Paula Osborne,71,ygonzales@yahoo.com,Lake Jennifer,2022-11-24
64,Elizabeth Gordon,71,bruce97@richardson-rivas.com,New Kellieview,2025-02-09
65,Janet Harris,23,kimdouglas@bell-adkins.info,New Wandaburgh,2021-10-16
66,Jose White,49,robinsonrachel@gmail.com,Michaeltown,2022-02-07
67,Tamara Lawrence,28,tylerfletcher@gmail.com,Port Robert,2020-02-16
68,Andrea Gardner,77,nicolemcgee@evans-ortiz.com,Riveraborough,2021-01-28
69,Derek Lane,70,andersondustin@yahoo.com,Gabrielside,2021-01-22
70,Robin Navarro,60,teresa81@yahoo.com,West Reginaside,2021-03-18
71,Travis Allison,36,mooreandrew@gmail.com,Arnoldport,2020-08-10
72,Katherine Gordon,69,jasminegordon@martin.com,Davidtown,2022-05-27
73,Karen West,19,latoyadean@hotmail.com,Cookborough,2022-11-07
74,Gregory Velez,53,kathryn78@yahoo.com,Websterstad,2024-08-04
75,Julia Wilson,70,tatejustin@gmail.com,South Sharonfort,2022-01-13
76,Justin Pope,44,matthewwood@williams.net,Port Michelle,2023-03-30
77,Timothy Levine,39,ybennett@becker.net,Lauriemouth,2021-09-14
78,Billy Gray,71,michaeledwards@spence-black.com,Andersonland,2024-03-30
79,Jennifer Pierce,69,johnsonlauren@yahoo.com,Richardhaven,2021-06-06
80,Steven Barnes,38,harrisbrittany@costa-howard.org,Lake Charlesfort,2022-01-29
81,Brenda Sanchez,52,hbrown@hernandez-carter.com,Taylorbury,2022-06-22
82,David Murphy,59,jennifermarshall@yahoo.com,Brownborough,2021-09-28
83,Angela Carter,51,hwaller@yahoo.com,North Jessica,2022-07-26
84,Seth Harris,24,mrose@sawyer.com,South Erika,2021-09-03
85,Cynthia Lynch,25,mallen@howard.com,Lake Cynthia,2020-06-29
86,Brian Shields,71,catherine34@sanchez.com,Duarteside,2024-08-20
87,Rebecca Brown,32,erinlarsen@griffin-cowan.com,Sheilaburgh,2023-03-11
88,Margaret Smith,78,vrodriguez@gmail.com,Perezchester,2024-07-21
89,Jessica Benitez,44,iharmon@yahoo.com,Victoriaview,2020-02-19
90,Tyler Armstrong,37,benjaminjimenez@barnes-johnson.com,Jacksonmouth,2025-01-01
91,Christy Martinez,46,rheath@rodriguez-weiss.com,Andrademouth,2023-01-27
92,Sarah Fitzgerald,41,ymorris@santos-adams.com,South Joan,2025-02-10
93,Alexander Williams,43,egarcia@mills.info,Port Laurieton,2020-08-03
94,Angela May,75,kimstewart@hahn.com,Joshuastad,2024-05-28
95,Tracy Beasley,58,markreyes@gillespie.com,Nguyenchester,2022-05-29
96,Jason Tran,74,maldonadosusan@hotmail.com,Austinbury,2024-01-04
97,Derrick Gonzalez,32,ruth49@gmail.com,Katherinemouth,2024-11-21
98,Andrew Moody,46,kyle85@pittman.net,New Rebeccabury,2022-10-26
99,James Hull,59,christophergarcia@gmail.com,Lake Coryport,2024-02-24
100,Dawn Ayala,26,kristen74@smith.com,Mcdanielton,2024-10-28
101,William Garcia,52,gregory63@johnson.com,Snyderton,2022-06-21
102,Christopher Phillips,32,timothy08@garcia.info,Sabrinafurt,2022-04-07
103,Angela Edwards,37,ashley33@knox.com,West Davidville,2023-03-04
104,Tonya Boyd,48,christopher02@smith.com,Jonathanview,2021-08-15
105,Michael Dominguez,39,thorntonrobert@ferguson.org,Millerside,2021-07-25
106,Sharon Soto,45,williamsthomas@yahoo.com,North Laura,2022-11-17
107,James Phillips,69,mary53@young-brown.org,East Matthew,2023-07-06
108,Christopher Zimmerman,27,justin75@griffin-cohen.org,New Emily,2023-03-09
109,Jacob Snyder,42,mary05@hotmail.com,Simmonsberg,2022-07-02
110,Rhonda Davenport,47,ddiaz@thompson-alvarado.com,Robertsport,2023-02-02
111,Jeremy Williamson,21,daniel17@smith.com,Hursthaven,2020-10-13
112,Nancy Odonnell,67,scottmeyer@yahoo.com,Port Frankstad,2020-04-20
113,Cindy Green,60,benjamin79@gmail.com,Rayberg,2020-04-15
114,Kimberly Mckinney,29,henrysteven@yahoo.com,Susanfurt,2022-01-04
115,Tracy Cummings,63,donaldlindsey@cox.com,Jamesland,2021-03-03
116,Dr. Gary Lucas,54,joelmason@gmail.com,New Rachel,2023-12-09
117,Joseph Kirby,34,maria48@yahoo.com,Turnerhaven,2022-12-16
118,Amanda Turner,72,gsalas@stanton.com,New Georgemouth,2021-07-17
119,Christina Charles,33,ashley34@edwards.net,West Kristin,2020-10-29
120,Christopher Moody,28,donald05@perez-nelson.com,Woodwardside,2022-06-20
121,William Mccarthy,39,murphygary@lawson-williams.com,Port Shawn,2022-10-02
122,Ryan Williamson,22,amandawatts@yahoo.com,Englishhaven,2023-01-02
123,Jennifer Khan,40,nathan81@hotmail.com,Theresashire,2020-11-06
124,Evan Johnson,47,trankevin@hotmail.com,East Michael,2024-10-11
125,Peter Sanders,31,tescobar@yahoo.com,Michaelhaven,2023-05-13
126,Matthew Summers,41,kelliekelly@gmail.com,Jonesview,2023-08-21
127,Lance Walton,52,tdavenport@hotmail.com,Michaelview,2020-07-04
128,Natalie Reid,38,juliegreen@sullivan-herrera.info,East James,2024-10-11
129,Michael Irwin,44,normanmaureen@white.com,Boyerchester,2024-03-03
130,Brandi Perry,79,zmorales@moyer.com,Lake Timothyville,2023-10-16
131,Mario Richardson,18,gcummings@wright-walker.com,Malonebury,2023-09-12
132,Joseph Williams,22,gregory50@mata-hendrix.com,Pattyshire,2023-10-09
133,Christopher Kelley,20,cgarza@hotmail.com,Susanhaven,2023-10-12
134,Patrick Bond,23,cristinamoore@alvarez-brooks.com,New Eric,2024-08-14
135,Matthew Lucas,29,igonzalez@luna.com,West Michellefort,2023-07-22
136,Victoria Thompson,67,lwilliams@reeves-black.com,Williamsburgh,2020-03-30
137,Karen Smith,50,johndavis@wells.com,Lake Markmouth,2023-03-12
138,Seth Wallace,71,michelle31@hotmail.com,North Monica,2022-03-12
139,Richard Franco,70,gabriellejackson@hotmail.com,Vanessabury,2021-09-24
140,Heather Jones,48,stephenmartin@hudson.org,New Ryanhaven,2021-03-01
141,Elizabeth Logan,56,carrollronald@black.com,Wendyside,2021-09-09
142,Derek Olson,21,charris@yahoo.com,Hoffmanborough,2021-04-29
143,Jacqueline Lucas,45,leonjared@yahoo.com,East Richard,2020-03-08
144,Sharon Owen,29,adamgordon@nelson-pugh.com,Ruizville,2021-03-28
145,Barbara Taylor,59,smitherik@pope-austin.info,Oliverchester,2023-01-18
146,Mindy Fowler,51,gomezmark@raymond.com,Lesliefurt,2021-04-29
147,Susan Macdonald,32,dlarson@edwards.net,Anthonystad,2024-02-13
148,Kaitlin Summers,67,pamela27@yahoo.com,East Shelbyton,2022-06-27
149,Samuel Swanson,71,danielbrown@ruiz-soto.com,Morriston,2022-04-28
150,Daniel Mccann,29,adavis@gmail.com,Michaelmouth,2021-04-01
151,William Lloyd,70,frazierkristin@edwards-diaz.com,North Terry,2025-01-10
152,Christine Rogers,53,david89@black.com,West John,2023-08-20
153,Paul Contreras,41,walter39@knight.net,Shannonshire,2022-08-27
154,Michele Graham,67,donald86@hotmail.com,Peterbury,2023-02-27
155,Cindy Cook MD,40,fhill@werner-hawkins.org,Jessehaven,2024-01-07
156,Steve Black,56,brettwheeler@yahoo.com,East Travisville,2021-08-25
157,Hector Schwartz,35,whitetricia@gmail.com,Lake Raymondville,2020-06-13
158,Michael Ford,59,patricia56@ryan-hernandez.com,Port Adam,2020-11-13
159,Charles Giles,76,luisford@swanson.com,Lake Melissahaven,2020-03-26
160,Melissa Johnson,56,raymond25@gmail.com,New Shawnfort,2024-03-29
161,Rhonda Griffin,27,frankmichael@yahoo.com,Melissachester,2020-02-23
162,Ryan Shaw,30,mcgeekatrina@hotmail.com,Smithchester,2020-04-07
163,Tina Levine,47,charleshess@martinez.com,Curtistown,2022-08-30
164,Matthew Morris,48,danielgreen@daniels-chang.com,North Amandaport,2024-07-28
165,Christine Franklin,63,vanessarogers@yahoo.com,Avilaview,2022-05-31
166,Christina Freeman,76,george16@hotmail.com,Lake Andrewburgh,2020-06-14
167,Joshua Foster,48,yrobinson@gmail.com,Richardtown,2022-11-13
168,Colleen Anderson,24,jonesdavid@edwards-wallace.com,Jasonberg,2021-08-29
169,Douglas Ward DDS,44,anne87@walker-reynolds.com,Heidiside,2020-02-18
170,Andres Turner,20,amanda09@flynn.com,Jordanfort,2021-04-18
171,Elizabeth Adams,45,kyleball@davis.biz,Garciaberg,2021-04-01
172,Jennifer Anthony,19,rolson@king.com,Sarahberg,2021-01-04
173,Christopher Lynch,66,ballmelissa@hotmail.com,South John,2021-07-04
174,Fred Lawrence,32,shafferkara@alexander.com,Stacyport,2024-02-19
175,Daniel James,75,tylerwilliams@colon-graham.net,Santiagochester,2021-10-05
176,Gina Taylor,31,lanecaleb@taylor-brown.com,West John,2020-06-03
177,Brooke Robertson,34,baileyamanda@yahoo.com,West Tammy,2021-01-06
178,Daniel Wright,43,christyhill@gmail.com,North Loriland,2020-11-04
179,Lisa Hall,23,hernandezleslie@gmail.com,Sarahshire,2024-12-11
180,Rebecca Hopkins,31,vlewis@thomas-jordan.com,Jessicamouth,2024-05-20
181,Tracey Garcia MD,75,julie67@gmail.com,New Joy,2023-11-12
182,Michael Brown,31,ulawrence@grant.com,Jeffreyhaven,2023-08-15
183,Karen Howard,23,wilsonkevin@hotmail.com,Lake Kristin,2024-03-21
184,Robert Gonzales,58,rachelmedina@yahoo.com,Smithhaven,2022-01-22
185,Daniel Clarke,32,flowersamber@gmail.com,North Julieberg,2023-08-30
186,Robert Bernard,38,okelley@gmail.com,Markmouth,2020-03-13
187,Alexander Stevens,75,dpatel@garrett.com,New Sarahbury,2021-02-01
188,Robert Simpson,50,samantha61@logan.com,Heatherbury,2024-10-09
189,Shawn Diaz,43,qnovak@robinson.com,Georgechester,2022-01-04
190,Cory Norman,37,gabrielleking@yahoo.com,Harrisfurt,2020-11-04
191,Joseph Ray,38,kerrigraves@cole.com,Cruzton,2022-04-12
192,Terry Parker,70,qdoyle@gmail.com,Zunigaside,2020-11-29
193,Tara Spencer,20,floreslarry@yahoo.com,Cainhaven,2021-10-23
194,Christian Mendoza,33,ayoung@roberts-ponce.com,Patrickport,2022-06-16
195,Melissa Evans,57,ucalhoun@gmail.com,West Kyle,2024-01-31
196,Christopher Anderson,70,christophersalinas@yahoo.com,Port Zacharymouth,2022-12-11
197,Michael Sherman,19,kevin64@yahoo.com,Port Timothyview,2024-10-01
198,Linda Brooks,64,nunezkayla@fisher-alvarez.com,East Emily,2021-02-26
199,Marco Newman,20,lclark@burgess-jenkins.org,Welchton,2021-03-20
200,Timothy Rangel,64,andrew81@lopez.info,South Williamside,2024-03-23
201,William Gonzalez,65,hansonjohn@gibbs.info,Sabrinaview,2024-12-12
202,Sherry Galloway,18,ncrawford@hotmail.com,Port Richardbury,2021-07-21
203,Julie Mayer,31,anna64@gmail.com,Thomashaven,2022-06-16
204,Justin Zhang,49,douglasschneider@yahoo.com,West Sharonland,2020-07-15
205,Joshua Pearson,29,sharon94@rodriguez.com,East Sarah,2023-03-08
206,Nicholas Holland DDS,49,sherry91@gmail.com,New Jose,2023-02-03
207,Brittany Knight,38,dixonangela@kennedy-lucero.com,Andersonchester,2020-09-15
208,Tracy Gonzalez MD,71,alisha22@gmail.com,West Tiffanymouth,2023-11-11
209,Sarah Ford,60,laura10@edwards.com,Richardstad,2022-12-20
210,Mallory Mcmahon,61,mjackson@gmail.com,North Robertside,2020-04-22
211,Lucas May,35,cwilliams@fox-fernandez.info,Traceytown,2020-10-16
212,Michael Romero,72,austinhall@gmail.com,East Kiara,2022-02-28
213,Mary Leblanc MD,37,smithmark@gmail.com,Victoriastad,2020-02-25
214,Rose Sawyer,61,geraldduncan@yahoo.com,East Jacobmouth,2022-06-21
215,Holly Kim,61,alexandra38@gmail.com,Elliottstad,2021-10-29
216,Cheryl Adams,59,clarkphillip@yahoo.com,West Michael,2021-10-07
217,Theodore Davenport,21,jameshernandez@hotmail.com,North Sharonton,2020-10-15
218,Jessica Carpenter,28,reedcrystal@hotmail.com,North Frances,2022-03-04
219,Charles Murphy,65,mark53@armstrong-wolf.org,Melissastad,2023-04-05
220,James Morris,56,andreatucker@klein.com,East Sharonview,2024-11-29
221,Chad Best,58,eknox@yahoo.com,East Jessica,2020-04-25
222,Joseph Green,60,brian54@stanley.com,Port Corey,2023-09-13
223,Matthew Harmon,20,crystalgallegos@williams-carpenter.com,East Trevor,2024-10-16
224,Ernest Grant,59,jadams@gmail.com,Lake Jessefort,2023-06-21
225,Vincent Carter,53,browncrystal@white.com,Alvaradoborough,2024-05-15
226,Teresa Gonzales,50,debra31@russell-wright.net,Phamville,2022-01-28
227,Mark Scott,28,julie08@gmail.com,Port Ericstad,2024-03-25
228,Michael Clark,18,kevin30@harrison.com,Swansonfurt,2020-05-09
229,Cody Wallace,32,qward@gmail.com,Kingchester,2020-07-12
230,Anthony Hill,45,michael34@gmail.com,Sandrahaven,2020-10-27
231,Adam Serrano PhD,59,wigginsashley@dawson-thomas.org,Amyborough,2024-04-23
232,Douglas Robinson,57,hartandrea@evans.org,East Renee,2020-04-12
233,Tyler Sandoval,23,michaelharper@powell.com,New Jamesstad,2024-03-05
234,Tammie Ochoa,64,lthompson@payne.biz,South Jacobshire,2020-11-30
235,Michael Schaefer,56,danajohnson@gmail.com,Port Desireeberg,2024-11-06
236,Mike Dudley,54,andrea47@hotmail.com,Nicolehaven,2024-02-13
237,Russell Martinez,27,james61@huffman.com,South Kelly,2023-03-25
238,Nicole Mata,62,keithmichael@hotmail.com,West Annaville,2020-03-10
239,Lauren Montoya,67,johnsonrobert@gmail.com,North Daniel,2021-12-06
240,Abigail Acosta,35,kimberlynorris@yahoo.com,West Philip,2025-02-11
241,Phillip Erickson,29,lisa83@hotmail.com,Reedchester,2023-09-18
242,David Hayes DVM,48,gabrielle62@holland-arroyo.com,Chadberg,2024-11-07
243,Joyce Chandler,60,smithaaron@yahoo.com,East Christopherport,2021-11-06
244,Todd White,59,jeremylin@warren-jones.net,Codyport,2022-08-08
245,Julia Fitzpatrick,62,tracismith@spears.org,Stephanieburgh,2021-07-26
246,Denise Floyd,65,molly49@hotmail.com,West Jasmine,2024-12-16
247,Linda Davis,65,christina09@murphy.com,Jerrystad,2022-07-11
248,Steven Oconnor,27,jasoncox@hotmail.com,West Donald,2022-01-05
249,Brittany Watson,69,cstout@munoz.com,Sanchezchester,2023-01-15
250,Katherine Chen,28,jordanyoung@walker.com,Port Tara,2022-09-24
251,Richard Matthews,24,njacobson@hotmail.com,Tylerville,2023-11-02
252,Kimberly Atkinson,27,jean30@pearson-berger.com,Brittanyshire,2021-03-06
253,Tamara Jones,74,hwalker@gmail.com,South Henrytown,2021-10-29
254,Antonio Jenkins,61,ryanjackson@yahoo.com,East Melody,2022-07-12
255,Mary Simpson,77,btorres@yahoo.com,South Martin,2021-04-01
256,Lori Lawrence,73,kimberly83@robinson.info,East Tracey,2023-08-16
257,Jonathon Jones,46,brandy80@hotmail.com,New Mackenzieville,2021-03-08
258,Wanda Cole,63,sean93@garcia.com,Holmeshaven,2021-10-16
259,Timothy Leblanc,42,brittany11@long.org,Martinhaven,2021-08-23
260,Karen Rose,30,monicaconley@thomas.biz,Jenniferport,2022-11-30
261,Andrew Poole,39,eric32@young.com,Peggystad,2022-12-20
262,John Cook,63,nancyrogers@yahoo.com,Taylorhaven,2023-04-17
263,Rose Sanchez,58,clarkkathy@murphy.com,Kirstenshire,2023-03-22
264,Jeremiah Moore,35,whitney49@simpson-smith.biz,South Danielle,2022-08-14
265,Patricia Lee,50,lamkatherine@olson.com,New Tracy,2020-02-18
266,Luis Herrera,65,lisa22@yahoo.com,Lake Jennifer,2022-07-28
267,David Reed II,41,emartin@nelson.com,Port Melissabury,2024-07-18
268,John Hamilton,52,hernandezmark@ford-kelley.com,Poncechester,2023-10-14
269,Beth Hernandez,68,kimberlyhines@gmail.com,New Wesleybury,2024-07-17
270,Ashley Craig,42,olsonamy@werner.org,East Jacob,2023-05-20
271,Ellen Bullock,45,morganhogan@hotmail.com,Lake Juliashire,2025-01-16
272,John Coffey,71,leekristen@tyler.com,New Benjamin,2024-01-16
273,Michael Mann,70,richardsdarin@yahoo.com,Heatherview,2020-03-21
274,Sean Horn,43,wstevens@pena.org,Mccoyside,2023-11-18
275,Marie Perkins,70,mooreraymond@johnson.com,Howardburgh,2022-09-14
276,Megan Ellison,71,juan50@rios.com,South Gloria,2021-04-27
277,Troy Hernandez,27,cohensusan@rush.com,South Tonymouth,2023-05-25
278,Daniel Jackson,29,fordethan@sloan.org,Lake Matthew,2021-05-26
279,Austin Lee,48,christopher73@haynes-wu.com,Tanyaborough,2023-02-14
280,Donald Cummings,76,state@yahoo.com,Smithstad,2023-09-27
281,Joshua Lozano,73,kimberly94@hotmail.com,Justinberg,2024-09-18
282,Charles Meyer,61,adrian79@morris.biz,Port Ashleystad,2023-07-21
283,Robert Jones,56,kathy08@yahoo.com,Janetton,2024-04-28
284,Amanda Flores,26,raymondgary@gmail.com,Port Scott,2020-02-18
285,Randy Nunez,22,dgreen@patrick.com,Port Johnbury,2022-04-27
286,Jeffrey White,38,simsphillip@skinner.info,Lake Austinfurt,2021-03-28
287,Theodore Richmond,56,crice@hotmail.com,Lake Brandimouth,2022-10-22
288,Cindy Morgan,68,thompsonzachary@gmail.com,Jessicaview,2023-05-04
289,Denise Smith,58,hhammond@perez-rowe.org,Lake Andrewtown,2022-08-16
290,Barry Vazquez,42,mcdanieldennis@bridges-wolfe.com,West Leah,2021-09-05
291,Darryl Mitchell,33,nathanboyd@yahoo.com,Smithland,2021-06-19
292,Bonnie Spears,40,thomas36@whitehead-ross.org,New Teresamouth,2020-06-26
293,Jonathan Costa,40,garysullivan@brown.com,Port Thomashaven,2025-01-19
294,Brandon Wilson,40,btaylor@yahoo.com,Sarahchester,2020-09-14
295,David Perez,39,donna01@gmail.com,Blairville,2020-09-24
296,Sean Taylor,20,ambersimmons@kent-hughes.com,Port Jocelynmouth,2023-07-27
297,Beth Kennedy,22,michaellittle@salas-oconnor.com,Lake Mariafurt,2023-02-10
298,Amy Pena,67,johnsonmichelle@donovan.net,South Katiechester,2024-08-10
299,Susan Harmon,62,atkinscaleb@ellis-robles.biz,South Leslieton,2020-02-25
300,Timothy Garcia,37,colleenvargas@long.info,New Matthewstad,2021-10-20
301,Robert Castaneda,55,daniel97@hotmail.com,Carriemouth,2022-10-10
302,Terry Hernandez,61,contrerasrenee@hotmail.com,Port Christina,2023-01-27
303,James Griffin,72,nguyenerin@morse.net,Kaneland,2023-03-04
304,James Moore,68,chall@gmail.com,Jonesshire,2020-05-18
305,Katherine Roberts,58,jessicagaines@brown.com,West Brandon,2022-01-08
306,Natalie Johnson,36,cynthia31@green-gates.com,South Patrickfurt,2020-05-05
307,John Glass,60,dixonchristian@rodriguez-chavez.com,Christopherborough,2024-04-30
308,Amanda Webster,63,marilynsteele@thompson.com,West Marie,2023-07-31
309,Matthew Hudson,59,ericwilson@yahoo.com,Scottville,2020-09-20
310,Raymond Sanchez,60,jacobmoore@turner.com,Lake Shelley,2024-01-21
311,Nicole Thompson,51,zavalatara@gmail.com,North Carrie,2024-02-19
312,Jonathan Blankenship,78,melissalopez@yahoo.com,South Andrea,2021-02-25
313,Connie Mills,76,jasmine66@williams-williams.com,South Aprilland,2022-01-23
314,Mark Obrien,42,reyeshannah@gmail.com,West Brandon,2022-07-05
315,Cindy Preston,42,lori30@ruiz.com,Lisaburgh,2021-06-04
316,Mrs. Melissa Hall MD,62,curryshannon@hotmail.com,Rogersland,2023-10-09
317,Rebecca Brady,67,erika09@padilla-guzman.com,Lake Nicole,2024-07-29
318,Brittany Tucker,43,tylerdaniel@yahoo.com,New Jennifer,2022-05-27
319,Alexandra Parsons,79,melissa90@gmail.com,Brownshire,2021-05-25
320,Mrs. Toni Collins,24,bryanmorgan@hotmail.com,Rosalesland,2024-02-16
321,Brenda Perez,50,daviesmichele@reyes.info,Lake Terriside,2023-12-20
322,Alex Gutierrez,69,alexisjohnson@horton-thomas.info,Ashleyville,2024-10-09
323,Marcia Harper,55,shannon68@gmail.com,New Benjaminton,2022-07-28
324,James Warren,71,pgonzales@yahoo.com,Reyesborough,2020-04-20
325,Brandon Hill,32,kellybrenda@wagner.com,Joebury,2021-05-24
326,Nathaniel Miller,43,angel01@spencer.com,West Nathanshire,2020-03-31
327,Stacy Hernandez,59,matthewhiggins@yahoo.com,Lake Laura,2023-03-15
328,Michael Rogers,65,campbellerica@jones-bailey.biz,Christophermouth,2021-06-09
329,David Cook PhD,52,staylor@park.com,Woodport,2023-04-09
330,Kenneth Alexander,52,nicholasgutierrez@wright-wheeler.net,North Jenniferfort,2022-07-04
331,Michael Tran,42,xbaker@sparks.biz,South Heidi,2023-08-21
332,Michael Braun,71,jacksonmia@stewart-cooper.info,New Colleen,2023-08-14
333,Nicole Marshall,60,cruzlisa@yahoo.com,East Nicole,2020-12-04
334,Jennifer Colon,76,phelpscody@knox.biz,West Thomas,2023-03-19
335,Rachel Frey,47,richardsonricardo@yahoo.com,North Katherine,2024-11-12
336,Kenneth Cross,45,ifigueroa@phillips.org,Melissachester,2022-12-31
337,Charles Flores,44,alex73@dixon.com,Paulaburgh,2022-03-14
338,Mark Baker,48,hwilliams@hodge.info,Lake Katherineview,2024-10-17
339,Daniel Craig,63,hansenteresa@walker.net,Gonzalezside,2025-02-02
340,Tracey Goodman,47,amy06@leon-sanchez.com,North Michele,2023-01-11
341,Jill Benjamin,39,donaldhorn@gmail.com,West Susan,2021-03-30
342,Dustin Mason,63,philipwilliams@hotmail.com,West Robert,2024-10-10
343,Gabrielle Ortiz,30,cookeconnie@nixon.org,Williamtown,2020-04-20
344,Tamara Gray,68,keithsanchez@gmail.com,Maxwelltown,2023-03-29
345,Donna Chandler,32,anna07@hotmail.com,Beverlymouth,2023-12-12
346,Lauren Hicks,39,susan06@yahoo.com,Cassandraberg,2023-10-11
347,Todd Shannon,18,schwartzsheila@gomez-jimenez.net,Calebberg,2020-11-02
348,Joshua Reynolds,24,fpadilla@yahoo.com,Wigginsbury,2021-09-14
349,Craig Mckinney,69,tmcintyre@huffman.org,North Johnstad,2020-11-28
350,Amber Williams,30,robinsullivan@carey.info,Michelleview,2022-02-23
351,Melissa Cruz,27,ymoran@gmail.com,Powellview,2021-05-30
352,Joshua Martin,43,michaela22@simon.biz,West Nicholasview,2020-10-14
353,Jose Cunningham,76,ljenkins@clark-jordan.com,Meganmouth,2022-09-23
354,Jacqueline Reynolds,34,josephleonard@hotmail.com,Codyview,2024-03-24
355,Lisa Morris,26,mary32@daugherty.com,South Jack,2020-10-07
356,Louis Harris,58,erinnelson@gmail.com,East Jessicaside,2023-12-21
357,Crystal Pitts,47,rhondawright@yahoo.com,Terriside,2020-12-09
358,Miss Lisa Brooks,62,bonnie66@gmail.com,East James,2022-10-18
359,Shawn Nelson,20,deborahyoung@valencia.com,North Karenview,2022-07-01
360,Dr. John Duncan,34,carolyngeorge@yahoo.com,Millerfurt,2020-08-23
361,Michelle Myers,24,gwhite@gmail.com,Allenchester,2023-03-25
362,Michael Rowe,79,carl73@russell.com,Christinaport,2023-11-10
363,Teresa Davis,53,qrodriguez@walker-dean.org,East Michelle,2020-03-08
364,Christopher Ortiz,40,bowmankimberly@pearson.net,New Maureenmouth,2021-08-17
365,Dr. Andrew Pena,62,jason36@yahoo.com,Michaelhaven,2022-05-09
366,Jim Abbott,77,grodriguez@murphy.biz,Port Travis,2022-04-22
367,Sarah Smith,43,perezmelanie@hotmail.com,Carolland,2023-07-31
368,Mrs. Amber Eaton,46,charlesguerra@yahoo.com,North Stephaniestad,2021-09-09
369,Jennifer Campbell,45,carolmccarthy@gmail.com,Lunaville,2022-09-22
370,Tammy Shaw,19,phughes@yahoo.com,Murphyfort,2021-05-25
371,Marissa Aguilar,34,ybrewer@gmail.com,Lake Andresport,2023-01-22
372,Mrs. Barbara Montgomery MD,24,helen99@hotmail.com,South Bethport,2022-12-30
373,Travis Henson,42,mmccarthy@carlson.com,South Sydney,2024-04-02
374,Thomas Gross,71,nunezbrooke@yahoo.com,Lake Michelle,2021-10-06
375,Miguel Gentry MD,63,kingrobert@yahoo.com,Diazborough,2021-08-26
376,David Cameron,68,sarah33@hotmail.com,Lake Scottborough,2020-06-11
377,Russell Carlson,79,martinjared@barnes.net,Reginaville,2024-10-04
378,Jimmy Keller,37,wagnermary@yahoo.com,Davishaven,2023-04-07
379,Richard Stevens,19,howen@lynch.com,Port Julian,2024-08-21
380,Andrea Wilson,62,watsondarren@crane.info,Elizabethview,2023-10-07
381,Jeffrey Moreno,33,monicaallen@benton.biz,Lake Scottborough,2023-12-24
382,Jeremy Harris,21,jrodriguez@yahoo.com,Wilkinsburgh,2024-11-05
383,Frederick Rocha,47,ybaird@webster.biz,Carrollfurt,2022-01-22
384,Breanna Mayer,67,callen@oliver.com,East Andrewmouth,2021-09-14
385,Juan Terrell,69,wroberts@jordan-bennett.com,Colemanshire,2023-08-06
386,Kathy Jackson,36,mcdonaldchristopher@hotmail.com,Ponceberg,2022-09-17
387,Daniel Guerrero,57,marvinrogers@yahoo.com,New Annafurt,2024-12-10
388,Douglas Perez,36,kennethnguyen@hotmail.com,Port Jessicamouth,2023-02-08
389,Jordan Willis,19,megan77@hotmail.com,North Jesus,2022-05-14
390,Larry Fletcher,57,vblake@chung.biz,Turnerbury,2023-04-08
391,Michael Daniels,34,crystalsosa@gmail.com,Lake Amyview,2021-06-02
392,Kevin Carr,49,angelaknapp@yahoo.com,East Mark,2023-08-13
393,Jamie Alvarez,33,williamsonjoseph@saunders.com,West Christopher,2024-10-20
394,Shirley Lee,71,bradacosta@phillips.com,South Kevinfort,2021-08-19
395,Brandon Bishop,39,jenniferkaiser@montgomery-duran.org,Danielleview,2020-07-25
396,Kelly Arias,27,jross@holden.org,Murilloland,2022-02-20
397,David Medina,52,ramirezmeghan@taylor-campbell.info,Smithburgh,2020-05-30
398,Kristy Owens,32,deanzhang@jones.com,Brittanybury,2022-08-12
399,Gina Stein,35,caldwellbrenda@yahoo.com,Heatherburgh,2024-01-23
400,Savannah Hardin,27,terrellkelly@morrison.org,East Rebeccastad,2021-02-24
401,Nicole Sparks,23,roberta74@yahoo.com,West Jennifer,2023-10-30
402,Natalie Fitzpatrick,66,hughesbrian@hotmail.com,Youngport,2023-12-07
403,Melanie Morales,33,jennifermelton@taylor.biz,Martinport,2022-12-04
404,Anthony Jacobs,18,villarrealjames@hotmail.com,Lake Jenniferport,2022-06-25
405,Shelly Mccarthy,65,chadbrown@ramirez.info,Brandonshire,2022-10-24
406,Michael Johnson,64,deanna09@brown-hansen.org,Hudsonville,2024-01-21
407,Heather Tucker,69,wilsonjustin@gmail.com,East Travis,2020-03-28
408,Veronica Lewis,26,juliancoleman@yahoo.com,Lake Michael,2023-07-10
409,Jennifer Smith,19,michellechandler@gmail.com,South Joshua,2023-02-19
410,Nicole Scott,72,singhcarla@jones-rodriguez.org,North Tiffanymouth,2022-09-16
411,Morgan Cruz,65,oallen@yahoo.com,Pottsville,2024-11-06
412,Steven Peck MD,59,cjefferson@reyes.com,Ashleyview,2024-02-18
413,Nathan Moore,63,beardwilliam@gmail.com,East Stevenland,2021-08-15
414,Eric Banks,57,edward04@kerr.com,New Cynthiastad,2022-03-09
415,Spencer Harris,20,zwalters@hotmail.com,Valeriechester,2022-08-31
416,Sarah Gonzalez,24,larry84@barr.com,South Matthew,2020-12-01
417,Mrs. Rebecca Brown,23,phansen@hotmail.com,East Gregory,2022-03-26
418,Kevin Reynolds,26,carriesharp@gmail.com,Marymouth,2025-02-05
419,Pamela White,78,christyolson@hotmail.com,Ramseyland,2020-08-14
420,Terry Edwards,70,cdawson@yahoo.com,East Kathryn,2020-03-22
421,Alexander Mcgee,33,durhamchristine@carpenter.com,Amandafurt,2024-05-20
422,Allison Mays,49,tdickson@padilla-wells.net,Port James,2023-12-28
423,Mary Hicks,20,jgray@gmail.com,Castanedaport,2021-12-03
424,Nathaniel Martinez,32,samuel32@arroyo.com,Moorebury,2023-07-21
425,Belinda Reed,67,galvaneric@hotmail.com,Spencerstad,2022-04-19
426,Paul Webb,34,allendiana@gmail.com,East Christopher,2021-11-19
427,Phillip Gibson,18,jessewilliams@shaw-peterson.com,South Christopherbury,2023-10-31
428,Steven Young,68,sarahbrown@yahoo.com,New Michelle,2024-11-24
429,Robert Webb,28,evanstammy@scott.com,Port Eugeneside,2021-01-27
430,Cody Rodgers,24,gsmith@norris-anderson.com,Lake Janetbury,2025-02-13
431,James Hansen,75,hernandeztimothy@ramirez.com,East Tonytown,2022-10-16
432,Bruce Rogers,33,thompsonlinda@yahoo.com,New Monica,2020-05-31
433,Paul Tucker,49,sean90@gmail.com,Lake Scottstad,2020-05-19
434,Michael Rodriguez,43,fosterchelsea@hotmail.com,Cherylfort,2020-09-05
435,John Harris,18,rbuck@phillips.org,North Sara,2022-11-04
436,Mary Hanson,71,matthewsalazar@gmail.com,East Leviville,2024-06-04
437,Jamie Knight,27,rtaylor@donovan-ramos.org,South Michaelfort,2020-02-28
438,Angela Ayala,50,paulhodges@gmail.com,East Tarahaven,2024-07-14
439,Gloria Reese,53,sarah56@hernandez.org,Lake Matthew,2022-05-14
440,Sabrina Good,59,robinsonarthur@hoffman.com,New Cheryl,2023-07-02
441,Haley Lopez,56,kelsey22@hughes.com,West Timothy,2024-01-26
442,Travis Smith,38,jamesgarza@yahoo.com,Brendashire,2021-10-12
443,Gregory Thomas,28,amandastewart@hotmail.com,Port Duane,2023-02-01
444,Evan Nelson,48,dmiller@osborne.com,Jamesshire,2024-03-22
445,Erin Tate,78,thomaskramer@hotmail.com,Elizabethfort,2024-05-30
446,Katherine Jones,51,jonesabigail@yahoo.com,Matthewton,2020-06-27
447,David Stafford,47,kristina57@williams.net,Lopeztown,2024-01-14
448,Whitney Medina,67,andrea99@yahoo.com,Brownfort,2023-06-05
449,Melissa Black,71,kelly75@yahoo.com,Martinborough,2023-05-03
450,Kathryn Ramirez,52,dedwards@hotmail.com,East Lawrence,2023-05-25
451,Keith Sullivan,50,george41@vasquez.com,Stevenburgh,2025-01-14
452,Alicia Moreno,74,egray@smith.biz,East Crystalside,2022-01-18
453,Allison David,34,michael01@yahoo.com,Patriciashire,2022-02-11
454,Joanne Johnson,64,myerswendy@yahoo.com,Katietown,2020-09-06
455,Tammy Williams,73,earlmckenzie@williams.com,Terryburgh,2023-10-15
456,Jeremy Baker,50,phillipsamy@snyder-hanson.com,Raytown,2020-06-12
457,Michelle Parker,41,susan37@ochoa.com,Lake Jessicamouth,2021-09-17
458,Thomas Yoder,59,william38@hotmail.com,Port Manuel,2020-11-16
459,Jeff Rodriguez,56,montgomeryanthony@medina.com,Bondland,2023-01-09
460,Sierra Smith,45,savannah80@simmons-rhodes.com,Jasonhaven,2020-09-20
461,Natasha Rodriguez,34,donald81@beck-gonzales.com,North Douglasbury,2022-12-25
462,Beth Mckee,45,gsimpson@yahoo.com,Andersontown,2024-12-20
463,Cassandra Morrison,40,watkinsdennis@gmail.com,East Jamietown,2022-02-26
464,Daniel Young,55,moorewillie@hotmail.com,Melissastad,2024-02-10
465,Teresa Arnold,64,fred80@yahoo.com,Christinaland,2022-12-23
466,Kari Johnson,59,ashleymorales@yahoo.com,Longfort,2025-01-28
467,Carolyn Andrade,21,jill40@hotmail.com,Lake Thomasside,2020-07-13
468,Ashley Chan,26,valeriechan@hill-lewis.com,Lake Kristine,2022-09-11
469,Robert Jackson,29,santiagoadam@yahoo.com,Lake Wayne,2021-10-01
470,Ryan Phillips,52,darren02@hotmail.com,Lake Alanbury,2025-01-08
471,Jonathan Lane,48,elizabeth71@stevenson.com,New Meganport,2023-06-14
472,Brian Campbell,77,peter57@russell.com,Davidchester,2023-12-08
473,Kelly Thompson,33,anitajohnson@gmail.com,Jacobfort,2023-07-17
474,Dana Martin,54,zacharysmall@gmail.com,South Teresahaven,2024-10-27
475,Kelly Torres,46,adamfrost@hotmail.com,Bakerstad,2020-03-11
476,Ashley Sanchez,34,carrie49@baker.info,Annport,2022-05-02
477,Ms. Angela Moore DVM,32,vrivers@garcia.com,Lake Amanda,2022-03-28
478,Michael Bridges,34,curtis66@yahoo.com,Andersonville,2022-09-17
479,Linda Hall,45,hughesstephen@gmail.com,East Susan,2020-02-14
480,Andrew Cole,32,vherman@mercado.info,Brownburgh,2022-02-13
481,Marie Key,47,gregory97@gmail.com,North Charles,2020-10-03
482,Maria Adams,33,edward06@williams.net,Jasonburgh,2020-08-10
483,Michael Logan,32,john84@alexander.org,New Anthony,2023-05-12
484,Jose Tucker,72,zcook@smith.org,Harrisland,2024-07-27
485,Penny Briggs,19,jacquelinerobbins@hotmail.com,West Valerieside,2024-10-22
486,Joan Price DVM,56,christinaschultz@chen.info,Reesefurt,2024-07-13
487,Richard Webb,74,johnsonsergio@bernard.com,Port Tamara,2023-12-29
488,Travis Fernandez,53,michaelbrown@hotmail.com,Port Emmastad,2022-10-14
489,Lisa Gonzalez,46,morgancourtney@gmail.com,North Michaelmouth,2022-04-19
490,Monica Jenkins,64,adamtaylor@yahoo.com,New Richardhaven,2020-03-02
491,Nicole Guerrero,58,fostermichael@yahoo.com,Terryhaven,2022-03-26
492,Wendy Black,54,hernandezwhitney@hotmail.com,Davisburgh,2022-02-25
493,Rita Sullivan,73,jonesdarrell@hotmail.com,Samuelbury,2024-06-04
494,Karen Hubbard,22,omiller@turner-stephenson.com,Lowemouth,2023-10-19
495,Nicole Bernard,50,lwhite@gmail.com,Gabriellefurt,2023-02-05
496,Carrie Jones,43,emily06@hotmail.com,Gregoryborough,2022-03-07
497,Brenda Watts,68,sarahgibson@warner.info,North Jose,2024-05-04
498,Sara Sandoval,33,ewingcody@gmail.com,New Tiffanyhaven,2024-05-11
499,Robin Stone DDS,34,joshuaanderson@yahoo.com,Jacobchester,2024-08-19
500,Steven Griffith,27,jasoncobb@lambert-cummings.com,Martinezberg,2023-08-16
6,Patricia Hall,71,,Hartborough,2023-01-23
7,Diamond Williams,48,mollyking@gmail.com,Williamsfort,2024-07-27
